[
  {
    "slug": "jasper-ai",
    "name": "Jasper AI",
    "category": "Writing",
    "subcategory": "Copywriting",
    "short_description": "AI copywriting for ads, blogs, and social posts.",
    "long_description": "Jasper helps teams write marketing copy, blog posts, and ad creatives with templates and brand voice features.",
    "website_url": "https://www.jasper.ai/",
    "affiliate_url": "",
    "pricing_tier": "Paid",
    "pricing_from_usd": 39,
    "platforms": [
      "Web"
    ],
    "tags": [
      "marketing",
      "content",
      "copy"
    ],
    "features": [
      "templates",
      "brand voice",
      "collaboration"
    ],
    "use_cases": [
      "blog posts",
      "ads",
      "email copy"
    ],
    "logo_url": "",
    "is_featured": true,
    "badge": "Trending",
    "rating": 4.6,
    "review_count": 1200,
    "date_added": "2025-01-01"
  },
  {
    "slug": "canva-magic-studio",
    "name": "Canva Magic Studio",
    "category": "Design",
    "subcategory": "Graphics",
    "short_description": "Design + AI for social posts, presentations, and more.",
    "long_description": "Magic Studio adds AI tools for design, image generation, and background removal inside Canva.",
    "website_url": "https://www.canva.com/",
    "affiliate_url": "",
    "pricing_tier": "Freemium",
    "pricing_from_usd": 0,
    "platforms": [
      "Web",
      "iOS",
      "Android"
    ],
    "tags": [
      "design",
      "social",
      "images"
    ],
    "features": [
      "image generation",
      "background remover",
      "presentations"
    ],
    "use_cases": [
      "social graphics",
      "presentations",
      "marketing materials"
    ],
    "logo_url": "",
    "is_featured": true,
    "badge": "Editor's Pick",
    "rating": 4.7,
    "review_count": 8000,
    "date_added": "2025-01-03"
  },
  {
    "slug": "descript",
    "name": "Descript",
    "category": "Video",
    "subcategory": "Editing",
    "short_description": "Edit video & podcasts like a doc with AI.",
    "long_description": "Descript transcribes audio/video and lets you edit by text, with AI voice cloning and filler word removal.",
    "website_url": "https://www.descript.com/",
    "affiliate_url": "",
    "pricing_tier": "Freemium",
    "pricing_from_usd": 0,
    "platforms": [
      "Web",
      "Windows",
      "Mac"
    ],
    "tags": [
      "video",
      "podcast",
      "editing"
    ],
    "features": [
      "transcription",
      "overdub",
      "filler removal"
    ],
    "use_cases": [
      "podcasts",
      "YouTube videos",
      "interviews"
    ],
    "logo_url": "",
    "is_featured": false,
    "badge": "",
    "rating": 4.5,
    "review_count": 5400,
    "date_added": "2025-01-05"
  }
]